{"max_depth": 4, "colsample_bytree": 0.9860960465630069, "min_sample_weight": 2.2596596608740787, "gamma": 3.4625586401096294e-06, "subsample": 0.8776840962828512, "alpha": 0.0001374641651407281, "eta": 0.07998970719169957, "lambda": 0.0024966053245291764}